job_id_x,Compressor_Name,Compression_Time,Compression_Throughput,Decompression_Time,Decompression_Throughput,Ratio,job_id_y,MSE_v3,PSNR_v3,True_Positives(TP),False_Positives(FP),False_Negatives(FN),Precision,Recall,F1_Score
compression_0_2_0,spring_-c_-l_-q_ill_bin,1.264750527,23.875341,0.810653632,37.249387,6.592977,error_analysis_0_2_0,1.3390633333333333,30.773188644439745,22569,13,30,0.999424,0.998672,0.999047
compression_0_4_0,fqzcomp_-Q_3,0.615377223,49.069659,0.708324656,42.630664,7.269091,error_analysis_0_4_0,7.154251587301587,23.495557741206376,22055,82,544,0.996295,0.975928,0.986006
compression_0_5_0,fqzcomp_-Q_5,0.583033821,51.791765,0.696134224,43.377196,7.969439,error_analysis_0_5_0,19.825806825396825,19.068891123819093,21478,1228,1121,0.945917,0.950396,0.94815
compression_0_0_0,SZ3_-f_-1_{Binary_length}_-M_REL_0.05,1.040130591,29.031307,0.358238731,84.291139,4.302983,error_analysis_0_0_0,0.7505527777777777,33.28738746047657,22502,249,97,0.989055,0.995707,0.992368
compression_0_3_0,spring_-c_-l_-q_qvz_8,59.064784693,0.511241,0.828057137,36.466506,4.908105,error_analysis_0_3_0,0.0,inf,22599,0,0,1.0,1.0,1.0
compression_0_1_0,SZ3_-f_-1_{Binary_length}_-M_ABS_3,0.902244591,33.468032,0.288365054,104.715708,5.614076,error_analysis_0_1_0,3.595906349206349,26.48311610093212,22550,1560,49,0.935296,0.997831,0.965551
